{"cameraMode":{"drawMode":0,"name":"Shaded","section":"Shading Mode"},"sceneLighting":true,"audioPlay":false,"sceneViewState":{"showFog":true,"showMaterialUpdate":false,"showSkybox":true,"showFlares":true,"showImageEffects":true,"showParticleSystems":true},"in2DMode":false,"pivot":{"x":47.15123748779297,"y":-33.97309875488281,"z":-0.8229672908782959},"rotation":{"x":0.8003392815589905,"y":-0.004496346693485975,"z":0.006002684589475393,"w":0.5995008945465088},"size":36.84836959838867,"orthographic":true}