{"cameraMode":{"drawMode":0,"name":"Shaded","section":"Shading Mode"},"sceneLighting":true,"audioPlay":false,"sceneViewState":{"showFog":true,"showMaterialUpdate":false,"showSkybox":true,"showFlares":true,"showImageEffects":true,"showParticleSystems":true},"in2DMode":false,"pivot":{"x":3.0317187309265138,"y":19.638233184814454,"z":2.121385097503662},"rotation":{"x":0.708507239818573,"y":0.03171350806951523,"z":-0.03190435841679573,"w":0.704268753528595},"size":8.007349967956543,"orthographic":true}