{"cameraMode":{"drawMode":0,"name":"Shaded","section":"Shading Mode"},"sceneLighting":true,"audioPlay":false,"sceneViewState":{"showFog":true,"showMaterialUpdate":false,"showSkybox":true,"showFlares":true,"showImageEffects":true,"showParticleSystems":true},"in2DMode":false,"pivot":{"x":30.933347702026368,"y":-25.230533599853517,"z":-4.703659534454346},"rotation":{"x":0.48451462388038638,"y":-0.004976142197847366,"z":0.0027587092481553556,"w":0.8747819662094116},"size":8.596590042114258,"orthographic":false}