{"cameraMode":{"drawMode":0,"name":"Shaded","section":"Shading Mode"},"sceneLighting":true,"audioPlay":false,"sceneViewState":{"showFog":true,"showMaterialUpdate":false,"showSkybox":true,"showFlares":true,"showImageEffects":true,"showParticleSystems":true},"in2DMode":false,"pivot":{"x":5.929294109344482,"y":21.089637756347658,"z":5.304994583129883},"rotation":{"x":0.8003392815589905,"y":-0.004496346693485975,"z":0.006002684589475393,"w":0.5995008945465088},"size":7.6148152351379398,"orthographic":true}