{
    "name": "root",
    "gauges": {
        "MoveCube.Policy.Entropy.mean": {
            "value": 1.3868426084518433,
            "min": 1.3868426084518433,
            "max": 1.4193052053451538,
            "count": 24
        },
        "MoveCube.Policy.ExtrinsicValueEstimate.mean": {
            "value": -0.044989027082920074,
            "min": -1.5743426084518433,
            "max": 0.05201070383191109,
            "count": 24
        },
        "MoveCube.Losses.PolicyLoss.mean": {
            "value": 0.24849800230602015,
            "min": 0.22991594910126878,
            "max": 0.27796795593248036,
            "count": 24
        },
        "MoveCube.Losses.ValueLoss.mean": {
            "value": 0.001021960877115665,
            "min": 6.345254396933342e-05,
            "max": 0.24887513791639188,
            "count": 24
        },
        "MoveCube.Policy.LearningRate.mean": {
            "value": 0.00029858904047031995,
            "min": 0.00029858904047031995,
            "max": 0.00029996928001023996,
            "count": 24
        },
        "MoveCube.Policy.Epsilon.mean": {
            "value": 0.19952968000000001,
            "min": 0.19952968000000001,
            "max": 0.19998976000000002,
            "count": 24
        },
        "MoveCube.Policy.Beta.mean": {
            "value": 0.000497695432,
            "min": 0.000497695432,
            "max": 0.000499949824,
            "count": 24
        },
        "MoveCube.IsTraining.mean": {
            "value": 1.0,
            "min": 1.0,
            "max": 1.0,
            "count": 24
        },
        "MoveCube.Environment.EpisodeLength.mean": {
            "value": 2055.5,
            "min": 24.48780487804878,
            "max": 14957.0,
            "count": 7
        },
        "MoveCube.Environment.CumulativeReward.mean": {
            "value": -1.0,
            "min": -1.0,
            "max": -1.0,
            "count": 7
        },
        "MoveCube.Policy.ExtrinsicReward.mean": {
            "value": -1.0,
            "min": -1.0,
            "max": -1.0,
            "count": 7
        }
    },
    "metadata": {
        "timer_format_version": "0.1.0",
        "start_time_seconds": "1616687423",
        "python_version": "3.8.5 (default, Sep  3 2020, 21:29:08) [MSC v.1916 64 bit (AMD64)]",
        "command_line_arguments": "C:\\Users\\tomlo\\Documents\\College\\Spring 2021\\Machine Learning\\HW\\ml-agents-release_12\\ml-agents-release_12\\venv\\Scripts\\mlagents-learn config/moveCube.yaml --run-id=Cube1 --force",
        "mlagents_version": "0.23.0",
        "mlagents_envs_version": "0.23.0",
        "communication_protocol_version": "1.3.0",
        "pytorch_version": "1.7.1+cu110",
        "numpy_version": "1.19.5",
        "end_time_seconds": "1616687954"
    },
    "total": 530.5699135,
    "count": 1,
    "self": 0.01499269999999342,
    "children": {
        "run_training.setup": {
            "total": 0.022192400000000667,
            "count": 1,
            "self": 0.022192400000000667
        },
        "TrainerController.start_learning": {
            "total": 530.5327284,
            "count": 1,
            "self": 1.2060187000024598,
            "children": {
                "TrainerController._reset_env": {
                    "total": 17.2224887,
                    "count": 1,
                    "self": 17.2224887
                },
                "TrainerController.advance": {
                    "total": 511.00551899999755,
                    "count": 24418,
                    "self": 0.5742000999973129,
                    "children": {
                        "env_step": {
                            "total": 510.43131890000024,
                            "count": 24418,
                            "self": 421.73211900000933,
                            "children": {
                                "SubprocessEnvManager._take_step": {
                                    "total": 88.03974169999636,
                                    "count": 24418,
                                    "self": 2.742998199998951,
                                    "children": {
                                        "TorchPolicy.evaluate": {
                                            "total": 85.2967434999974,
                                            "count": 24334,
                                            "self": 31.214680499997257,
                                            "children": {
                                                "TorchPolicy.sample_actions": {
                                                    "total": 54.08206300000015,
                                                    "count": 24334,
                                                    "self": 54.08206300000015
                                                }
                                            }
                                        }
                                    }
                                },
                                "workers": {
                                    "total": 0.6594581999945568,
                                    "count": 24417,
                                    "self": 0.0,
                                    "children": {
                                        "worker_root": {
                                            "total": 514.0106591000006,
                                            "count": 24417,
                                            "is_parallel": true,
                                            "self": 138.87297140000197,
                                            "children": {
                                                "steps_from_proto": {
                                                    "total": 0.0003630999999995055,
                                                    "count": 1,
                                                    "is_parallel": true,
                                                    "self": 0.00011379999999938661,
                                                    "children": {
                                                        "_process_vector_observation": {
                                                            "total": 0.00024930000000011887,
                                                            "count": 4,
                                                            "is_parallel": true,
                                                            "self": 0.00024930000000011887
                                                        }
                                                    }
                                                },
                                                "UnityEnvironment.step": {
                                                    "total": 375.1373245999986,
                                                    "count": 24417,
                                                    "is_parallel": true,
                                                    "self": 3.5082637999972235,
                                                    "children": {
                                                        "UnityEnvironment._generate_step_input": {
                                                            "total": 7.9591009000050015,
                                                            "count": 24417,
                                                            "is_parallel": true,
                                                            "self": 7.9591009000050015
                                                        },
                                                        "communicator.exchange": {
                                                            "total": 351.36057539999877,
                                                            "count": 24417,
                                                            "is_parallel": true,