{
    "name": "root",
    "gauges": {
        "MoveCube.Policy.Entropy.mean": {
            "value": 1.1656864881515503,
            "min": 1.1656864881515503,
            "max": 1.1841378211975098,
            "count": 29
        },
        "MoveCube.Policy.ExtrinsicValueEstimate.mean": {
            "value": -0.005735919810831547,
            "min": -0.008041788823902607,
            "max": 0.1751999706029892,
            "count": 29
        },
        "MoveCube.Losses.PolicyLoss.mean": {
            "value": 0.2309302131541497,
            "min": 0.21565459135096415,
            "max": 0.27155017790325464,
            "count": 29
        },
        "MoveCube.Losses.ValueLoss.mean": {
            "value": 2.3220186936197722e-06,
            "min": 2.2571609003602726e-06,
            "max": 0.09615220303304442,
            "count": 29
        },
        "MoveCube.Policy.LearningRate.mean": {
            "value": 0.00028605270464909994,
            "min": 0.00028605270464909994,
            "max": 0.00028770390409870003,
            "count": 29
        },
        "MoveCube.Policy.Epsilon.mean": {
            "value": 0.1953509,
            "min": 0.1953509,
            "max": 0.1959013,
            "count": 29
        },
        "MoveCube.Policy.Beta.mean": {
            "value": 0.00047721941000000007,
            "min": 0.00047721941000000007,
            "max": 0.00047991637,
            "count": 29
        },
        "MoveCube.IsTraining.mean": {
            "value": 1.0,
            "min": 1.0,
            "max": 1.0,
            "count": 29
        }
    },
    "metadata": {
        "timer_format_version": "0.1.0",
        "start_time_seconds": "1617935321",
        "python_version": "3.8.5 (tags/v3.8.5:580fbb0, Jul 20 2020, 15:57:54) [MSC v.1924 64 bit (AMD64)]",
        "command_line_arguments": "C:\\Users\\clone\\AppData\\Local\\Programs\\Python\\Python38\\Scripts\\mlagents-learn moveCube.yaml --run-id=TimTraining --resume",
        "mlagents_version": "0.23.0",
        "mlagents_envs_version": "0.23.0",
        "communication_protocol_version": "1.3.0",
        "pytorch_version": "1.7.1+cu110",
        "numpy_version": "1.18.5",
        "end_time_seconds": "1617935728"
    },
    "total": 407.8850241,
    "count": 1,
    "self": 0.006362000000024182,
    "children": {
        "run_training.setup": {
            "total": 0.014848900000000054,
            "count": 1,
            "self": 0.014848900000000054
        },
        "TrainerController.start_learning": {
            "total": 407.8638132,
            "count": 1,
            "self": 0.8362319999980627,
            "children": {
                "TrainerController._reset_env": {
                    "total": 8.5838699,
                    "count": 1,
                    "self": 8.5838699
                },
                "TrainerController.advance": {
                    "total": 398.3361969000019,
                    "count": 28864,
                    "self": 0.3918998999994301,
                    "children": {
                        "env_step": {
                            "total": 397.94429700000245,
                            "count": 28864,
                            "self": 327.9791507000066,
                            "children": {
                                "SubprocessEnvManager._take_step": {
                                    "total": 69.54323499999798,
                                    "count": 28864,
                                    "self": 2.3843633999969143,
                                    "children": {
                                        "TorchPolicy.evaluate": {
                                            "total": 67.15887160000106,
                                            "count": 28864,
                                            "self": 25.653363200004463,
                                            "children": {
                                                "TorchPolicy.sample_actions": {
                                                    "total": 41.5055083999966,
                                                    "count": 28864,
                                                    "self": 41.5055083999966
                                                }
                                            }
                                        }
                                    }
                                },
                                "workers": {
                                    "total": 0.4219112999978698,
                                    "count": 28863,
                                    "self": 0.0,
                                    "children": {
                                        "worker_root": {
                                            "total": 399.6506865999961,
                                            "count": 28863,
                                            "is_parallel": true,
                                            "self": 106.73637349999507,
                                            "children": {
                                                "steps_from_proto": {
                                                    "total": 0.0003275000000000361,
                                                    "count": 1,
                                                    "is_parallel": true,
                                                    "self": 8.280000000038257e-05,
                                                    "children": {
                                                        "_process_vector_observation": {
                                                            "total": 0.00024469999999965353,
                                                            "count": 4,
                                                            "is_parallel": true,
                                                            "self": 0.00024469999999965353
                                                        }
                                                    }
                                                },
                                                "UnityEnvironment.step": {
                                                    "total": 292.913985600001,
                                                    "count": 28863,
                                                    "is_parallel": true,
                                                    "self": 2.4682774000033874,
                                                    "children": {
                                                        "UnityEnvironment._generate_step_input": {
                                                            "total": 5.6075391999935125,
                                                            "count": 28863,
                                                            "is_parallel": true,
                                                            "self": 5.6075391999935125
                                                        },
                                                        "communicator.exchange": {
                                                            "total": 277.1310084000006,
                                                            "count": 28863,
                                                            "is_parallel": true,
                                                            "self": 277.1310084000006
                                                        },
                                                        "steps_from_proto": {
                                                            "total": 7.707160600003476,
                                                            "count": 28863,
                                                            "is_parallel": true,