{
    "name": "root",
    "gauges": {
        "MoveCube.Policy.Entropy.mean": {
            "value": 1.1086949110031128,
            "min": 1.1074254512786865,
            "max": 1.2910979986190796,
            "count": 175
        },
        "MoveCube.Policy.ExtrinsicValueEstimate.mean": {
            "value": -0.004337653983384371,
            "min": -0.2592100501060486,
            "max": 0.22364285588264465,
            "count": 175
        },
        "MoveCube.Losses.PolicyLoss.mean": {
            "value": 0.2540574832316437,
            "min": 0.2211227404992921,
            "max": 0.30131118837744,
            "count": 175
        },
        "MoveCube.Losses.ValueLoss.mean": {
            "value": 3.2479364472917178e-06,
            "min": 8.480423214897294e-08,
            "max": 0.017621674567782165,
            "count": 175
        },
        "MoveCube.Policy.LearningRate.mean": {
            "value": 0.00028328946557018,
            "min": 0.00028328946557018,
            "max": 0.00029370336209887994,
            "count": 175
        },
        "MoveCube.Policy.Epsilon.mean": {
            "value": 0.19442982000000003,
            "min": 0.19442982000000003,
            "max": 0.19790112,
            "count": 175
        },
        "MoveCube.Policy.Beta.mean": {
            "value": 0.0004727061180000001,
            "min": 0.0004727061180000001,
            "max": 0.0004897154879999999,
            "count": 175
        },
        "MoveCube.IsTraining.mean": {
            "value": 1.0,
            "min": 1.0,
            "max": 1.0,
            "count": 175
        },
        "MoveCube.Environment.EpisodeLength.mean": {
            "value": 37308.0,
            "min": 354.0,
            "max": 37308.0,
            "count": 11
        },
        "MoveCube.Environment.CumulativeReward.mean": {
            "value": -2.8653999739326537,
            "min": -2.8653999739326537,
            "max": -1.0127499860245734,
            "count": 12
        },
        "MoveCube.Policy.ExtrinsicReward.mean": {
            "value": -2.8653999739326537,
            "min": -2.8653999739326537,
            "max": -1.0127499860245734,
            "count": 12
        }
    },
    "metadata": {
        "timer_format_version": "0.1.0",
        "start_time_seconds": "1617927215",
        "python_version": "3.8.5 (tags/v3.8.5:580fbb0, Jul 20 2020, 15:57:54) [MSC v.1924 64 bit (AMD64)]",
        "command_line_arguments": "C:\\Users\\clone\\AppData\\Local\\Programs\\Python\\Python38\\Scripts\\mlagents-learn moveCube.yaml --run-id=TimTraining --resume",
        "mlagents_version": "0.23.0",
        "mlagents_envs_version": "0.23.0",
        "communication_protocol_version": "1.3.0",
        "pytorch_version": "1.7.1+cu110",
        "numpy_version": "1.18.5",
        "end_time_seconds": "1617929657"
    },
    "total": 2441.7074996,
    "count": 1,
    "self": 0.006468700000368699,
    "children": {
        "run_training.setup": {
            "total": 0.012383500000000103,
            "count": 1,
            "self": 0.012383500000000103
        },
        "TrainerController.start_learning": {
            "total": 2441.6886474,
            "count": 1,
            "self": 6.0451042999588935,
            "children": {
                "TrainerController._reset_env": {
                    "total": 7.3680262,
                    "count": 1,
                    "self": 7.3680262
                },
                "TrainerController.advance": {
                    "total": 2428.048421300041,
                    "count": 174558,
                    "self": 2.7672849000309725,
                    "children": {
                        "env_step": {
                            "total": 2425.28113640001,
                            "count": 174558,
                            "self": 1921.670249800019,
                            "children": {
                                "SubprocessEnvManager._take_step": {
                                    "total": 500.67074969995974,
                                    "count": 174558,
                                    "self": 16.300429700011364,
                                    "children": {
                                        "TorchPolicy.evaluate": {
                                            "total": 484.3703199999484,
                                            "count": 174544,
                                            "self": 176.71494399997323,
                                            "children": {
                                                "TorchPolicy.sample_actions": {
                                                    "total": 307.65537599997515,
                                                    "count": 174544,
                                                    "self": 307.65537599997515
                                                }
                                            }
                                        }
                                    }
                                },
                                "workers": {
                                    "total": 2.940136900030982,
                                    "count": 174557,
                                    "self": 0.0,
                                    "children": {
                                        "worker_root": {
                                            "total": 2427.5784070999775,
                                            "count": 174557,
                                            "is_parallel": true,
                                            "self": 751.5495940999185,
                                            "children": {
                                                "steps_from_proto": {
                                                    "total": 0.00027340000000020126,
                                                    "count": 1,
                                                    "is_parallel": true,
                                                    "self": 6.989999999973406e-05,
                                                    "children": {
                                                        "_process_vector_observation": {
                                                            "total": 0.0002035000000004672,
                                                            "count": 4,
                                                            "is_parallel": true,
                                                            "self": 0.0002035000000004672
                                                        }
                                                    }
                                                },
                                                "UnityEnvironment.step": {
                                                    "total": 1676.028539600059,
                                                    "count": 174557,
                                                    "is_parallel": true,
                                                    "self": 17.10741660011081,
                                                    "children": {
                                                        "UnityEnvironment._generate_step_input": {
                                                            "total": 38.95170859999361,
                                                            "count": 174557,
                                                            "is_parallel": true,
                                                            "self": 38.95170859999361
                                                        },
                                                        "communicator.exchange": {
                                                            "total": 1562.86000810001,